,PCEPILFE,PCEPI,GDPC1,GDPPOT
1959-01-01,16.727,16.074,3121.936,3117.2830494653304
1959-02-01,16.74,16.089,,
1959-03-01,16.759,16.1,,
1959-04-01,16.801,16.132,3192.38,3146.0539875575128
1959-05-01,16.822,16.14,,
1959-06-01,16.871,16.186,,
1959-07-01,16.911,16.22,3194.653,3176.798032240724
1959-08-01,16.938,16.244,,
1959-09-01,16.983,16.286,,
1959-10-01,17.012,16.326,3203.759,3208.096196811341
1959-11-01,17.043,16.336,,
1959-12-01,17.069,16.355,,
1960-01-01,17.073,16.346,3275.757,3240.5569819606285
1960-02-01,17.105,16.363,,
1960-03-01,17.107,16.372,,
1960-04-01,17.138,16.432,3258.088,3273.035767297588
1960-05-01,17.166,16.449,,
1960-06-01,17.176,16.456,,
1960-07-01,17.206,16.485,3274.029,3305.9678301042277
1960-08-01,17.231,16.513,,
1960-09-01,17.244,16.523,,
1960-10-01,17.255,16.542,3232.009,3338.8400839437413
1960-11-01,17.301,16.598,,
1960-12-01,17.295,16.601,,
1961-01-01,17.3,16.604,3253.826,3372.348172113431
1961-02-01,17.317,16.62,,
1961-03-01,17.322,16.61,,
1961-04-01,17.346,16.6,3309.059,3405.198098522494
1961-05-01,17.369,16.609,,
1961-06-01,17.395,16.617,,
1961-07-01,17.422,16.653,3372.581,3439.5582726808398
1961-08-01,17.44,16.667,,
1961-09-01,17.475,16.686,,
1961-10-01,17.481,16.685,3438.721,3474.246141004584
1961-11-01,17.483,16.686,,
1961-12-01,17.499,16.69,,
1962-01-01,17.519,16.721,3500.054,3510.0321060600295
1962-02-01,17.548,16.767,,
1962-03-01,17.589,16.789,,
1962-04-01,17.593,16.808,3531.683,3546.73680994665
1962-05-01,17.617,16.818,,
1962-06-01,17.649,16.829,,
1962-07-01,17.664,16.819,3575.07,3584.3706512822246
1962-08-01,17.667,16.844,,
1962-09-01,17.702,16.927,,
1962-10-01,17.701,16.909,3586.827,3622.710720505764
1962-11-01,17.713,16.922,,
1962-12-01,17.718,16.914,,
1963-01-01,17.753,16.956,3625.981,3661.580587104745
1963-02-01,17.773,16.974,,
1963-03-01,17.783,16.961,,
1963-04-01,17.805,16.96,3666.669,3701.2983398576957
1963-05-01,17.837,16.987,,
1963-06-01,17.868,17.024,,
1963-07-01,17.884,17.058,3747.278,3741.7583335250974
1963-08-01,17.9,17.081,,
1963-09-01,17.932,17.078,,
1963-10-01,17.972,17.111,3771.845,3783.032548128088
1963-11-01,17.989,17.135,,
1963-12-01,18.014,17.161,,
1964-01-01,18.039,17.197,3851.366,3824.393577413385
1964-02-01,18.074,17.221,,
1964-03-01,18.09,17.231,,
1964-04-01,18.107,17.245,3893.296,3866.7394088435326
1964-05-01,18.123,17.246,,
1964-06-01,18.136,17.271,,
1964-07-01,18.154,17.293,3954.121,3909.521068541685
1964-08-01,18.177,17.306,,
1964-09-01,18.185,17.333,,
1964-10-01,18.192,17.343,3966.335,3952.517870249204
1964-11-01,18.218,17.368,,
1964-12-01,18.244,17.393,,
1965-01-01,18.268,17.412,4062.311,3996.770933326359
1965-02-01,18.291,17.419,,
1965-03-01,18.301,17.442,,
1965-04-01,18.323,17.469,4113.629,4040.3756535129887
1965-05-01,18.357,17.508,,
1965-06-01,18.352,17.559,,
1965-07-01,18.37,17.572,4205.086,4085.6458255755333
1965-08-01,18.405,17.576,,
1965-09-01,18.427,17.584,,
1965-10-01,18.42,17.59,4301.973,4131.454966077461
1965-11-01,18.455,17.62,,
1965-12-01,18.511,17.684,,
1966-01-01,18.516,17.704,4406.693,4178.042078924176
1966-02-01,18.562,17.778,,
1966-03-01,18.585,17.821,,
1966-04-01,18.651,17.883,4421.747,4225.265899863098
1966-05-01,18.701,17.905,,
1966-06-01,18.762,17.95,,
1966-07-01,18.817,17.984,4459.195,4273.246785044241
1966-08-01,18.852,18.053,,
1966-09-01,18.909,18.11,,
1966-10-01,18.971,18.158,4495.777,4321.105281766496
1966-11-01,19.019,18.185,,
1966-12-01,19.077,18.222,,
1967-01-01,19.095,18.224,4535.591,4369.763763374422
1967-02-01,19.129,18.245,,
1967-03-01,19.158,18.255,,
1967-04-01,19.211,18.285,4538.37,4418.79858363445
1967-05-01,19.253,18.32,,
1967-06-01,19.302,18.379,,
1967-07-01,19.368,18.441,4581.309,4468.20627124683
1967-08-01,19.427,18.499,,
1967-09-01,19.496,18.555,,
1967-10-01,19.569,18.606,4615.853,4518.821566410986
1967-11-01,19.631,18.668,,
1967-12-01,19.679,18.698,,
1968-01-01,19.766,18.784,4709.993,4570.0499457544265
1968-02-01,19.852,18.861,,
1968-03-01,19.931,18.923,,
1968-04-01,20.004,18.982,4788.688,4621.424116550918
1968-05-01,20.08,19.052,,
1968-06-01,20.158,19.113,,
1968-07-01,20.225,19.171,4825.799,4673.996260785771
1968-08-01,20.304,19.25,,
1968-09-01,20.387,19.317,,
1968-10-01,20.469,19.402,4844.779,4727.436143187215
1968-11-01,20.546,19.467,,
1968-12-01,20.609,19.508,,
1969-01-01,20.687,19.584,4920.605,4778.893603877028
1969-02-01,20.757,19.633,,
1969-03-01,20.854,19.726,,
1969-04-01,20.935,19.812,4935.564,4827.817073688914
1969-05-01,21.018,19.892,,
1969-06-01,21.091,19.989,,
1969-07-01,21.189,20.076,4968.164,4874.040053435482
1969-08-01,21.249,20.132,,
1969-09-01,21.334,20.216,,
1969-10-01,21.425,20.285,4943.935,4918.034523098234
1969-11-01,21.507,20.372,,
1969-12-01,21.587,20.465,,
1970-01-01,21.659,20.539,4936.594,4959.984849680117
1970-02-01,21.742,20.62,,
1970-03-01,21.823,20.672,,
1970-04-01,21.909,20.776,4943.6,4999.849298858738
1970-05-01,21.986,20.842,,
1970-06-01,22.066,20.896,,
1970-07-01,22.149,20.973,4989.159,5038.0944759976865
1970-08-01,22.226,21.028,,
1970-09-01,22.319,21.122,,
1970-10-01,22.429,21.227,4935.693,5075.193761324494
1970-11-01,22.544,21.31,,
1970-12-01,22.658,21.405,,
1971-01-01,22.747,21.45,5069.746,5112.189775353598
1971-02-01,22.834,21.513,,
1971-03-01,22.907,21.584,,
1971-04-01,22.992,21.669,5097.179,5149.917015201792
1971-05-01,23.093,21.759,,
1971-06-01,23.184,21.855,,
1971-07-01,23.273,21.921,5139.128,5188.146693254336
1971-08-01,23.305,21.985,,
1971-09-01,23.344,22.018,,
1971-10-01,23.381,22.052,5151.245,5227.005093053336
1971-11-01,23.433,22.097,,
1971-12-01,23.507,22.184,,
1972-01-01,23.607,22.275,5245.974,5266.583057487237
1972-02-01,23.671,22.363,,
1972-03-01,23.717,22.395,,
1972-04-01,23.772,22.429,5365.045,5306.6731757701145
1972-05-01,23.828,22.478,,
1972-06-01,23.875,22.513,,
1972-07-01,23.944,22.593,5415.712,5347.40191091043
1972-08-01,23.994,22.659,,
1972-09-01,24.075,22.76,,
1972-10-01,24.088,22.786,5506.396,5388.738466922077
1972-11-01,24.152,22.854,,
1972-12-01,24.225,22.927,,
1973-01-01,24.24,22.996,5642.669,5431.5049130638035
1973-02-01,24.316,23.117,,
1973-03-01,24.414,23.28,,
1973-04-01,24.556,23.454,5704.098,5476.899643258713
1973-05-01,24.651,23.569,,
1973-06-01,24.757,23.704,,
1973-07-01,24.863,23.79,5674.1,5523.232155092158
1973-08-01,24.979,24.064,,
1973-09-01,25.105,24.16,,
1973-10-01,25.202,24.296,5727.96,5570.972189238871
1973-11-01,25.324,24.495,,
1973-12-01,25.464,24.697,,
1974-01-01,25.589,24.934,5678.713,5619.702366101777
1974-02-01,25.753,25.224,,
1974-03-01,25.953,25.517,,
1974-04-01,26.147,25.697,5692.21,5669.052473699285
1974-05-01,26.398,25.95,,
1974-06-01,26.67,26.17,,
1974-07-01,26.906,26.363,5638.411,5718.051279482436
1974-08-01,27.165,26.639,,
1974-09-01,27.409,26.916,,
1974-10-01,27.623,27.108,5616.526,5766.603009833837
1974-11-01,27.825,27.312,,
1974-12-01,28.021,27.528,,
1975-01-01,28.185,27.698,5548.156,5814.02353309364
1975-02-01,28.384,27.849,,
1975-03-01,28.533,27.943,,
1975-04-01,28.671,28.039,5587.8,5860.4905355551855
1975-05-01,28.793,28.15,,
1975-06-01,28.933,28.326,,
1975-07-01,29.112,28.569,5683.444,5906.553026897534
1975-08-01,29.212,28.693,,
1975-09-01,29.371,28.835,,
1975-10-01,29.517,29.003,5759.972,5952.680375053197
1975-11-01,29.713,29.189,,
1975-12-01,29.893,29.35,,
1976-01-01,30.046,29.462,5889.5,5998.745672430786
1976-02-01,30.166,29.5,,
1976-03-01,30.266,29.544,,
1976-04-01,30.384,29.611,5932.711,6045.558309443013
1976-05-01,30.527,29.752,,
1976-06-01,30.651,29.882,,
1976-07-01,30.82,30.033,5965.265,6093.807141317821
1976-08-01,30.997,30.199,,
1976-09-01,31.179,30.369,,
1976-10-01,31.332,30.528,6008.504,6142.83479706213
1976-11-01,31.475,30.667,,
1976-12-01,31.645,30.839,,
1977-01-01,31.838,31.017,6079.494,6193.407408526902
1977-02-01,32.033,31.26,,
1977-03-01,32.169,31.417,,
1977-04-01,32.329,31.6,6197.686,6245.184962159844
1977-05-01,32.494,31.76,,
1977-06-01,32.687,31.937,,
1977-07-01,32.89,32.103,6309.514,6297.735475504752
1977-08-01,33.051,32.253,,
1977-09-01,33.19,32.374,,
1977-10-01,33.351,32.524,6309.652,6351.714409904279
1977-11-01,33.524,32.712,,
1977-12-01,33.697,32.87,,
1978-01-01,33.899,33.064,6329.791,6406.995154904423
1978-02-01,34.029,33.218,,
1978-03-01,34.213,33.433,,
1978-04-01,34.435,33.686,6574.39,6463.3544265837145
1978-05-01,34.637,33.927,,
1978-06-01,34.831,34.149,,
1978-07-01,35.035,34.336,6640.497,6521.24657909805
1978-08-01,35.224,34.509,,
1978-09-01,35.426,34.706,,
1978-10-01,35.686,34.981,6729.755,6580.109450960243
1978-11-01,35.878,35.18,,
1978-12-01,36.018,35.345,,
1979-01-01,36.203,35.611,6741.854,6640.643752474354
1979-02-01,36.321,35.802,,
1979-03-01,36.53,36.081,,
1979-04-01,36.867,36.457,6749.063,6697.852397520381
1979-05-01,37.187,36.835,,
1979-06-01,37.396,37.138,,
1979-07-01,37.583,37.422,6799.2,6750.5232274894615
1979-08-01,37.833,37.708,,
1979-09-01,38.091,38.041,,
1979-10-01,38.369,38.351,6816.203,6798.049167554745
1979-11-01,38.615,38.617,,
1979-12-01,38.892,38.942,,
1980-01-01,39.187,39.349,6837.641,6839.712128879795
1980-02-01,39.578,39.776,,
1980-03-01,39.945,40.264,,
1980-04-01,40.15,40.475,6696.753,6874.80576346244
1980-05-01,40.473,40.79,,
1980-06-01,40.742,41.047,,
1980-07-01,41.028,41.365,6688.794,6903.225209518715
1980-08-01,41.325,41.711,,
1980-09-01,41.714,42.096,,
1980-10-01,42.058,42.434,6813.535,6934.664397893562
1980-11-01,42.389,42.779,,
1980-12-01,42.644,43.057,,
1981-01-01,43.013,43.47,6947.042,6971.899149872022
1981-02-01,43.328,43.91,,
1981-03-01,43.568,44.216,,
1981-04-01,43.847,44.409,6895.559,7013.785451775333
1981-05-01,44.148,44.609,,
1981-06-01,44.369,44.787,,
1981-07-01,44.636,45.057,6978.135,7059.796449376108
1981-08-01,44.936,45.338,,
1981-09-01,45.23,45.613,,
1981-10-01,45.499,45.82,6902.105,7109.741915824221
1981-11-01,45.765,46.065,,
1981-12-01,45.934,46.208,,
1982-01-01,46.216,46.483,6794.878,7162.951789592265
1982-02-01,46.395,46.622,,
1982-03-01,46.597,46.742,,
1982-04-01,46.781,46.766,6825.876,7218.805704610414
1982-05-01,47.037,47.043,,
1982-06-01,47.273,47.384,,
1982-07-01,47.579,47.665,6799.781,7276.910124310887
1982-08-01,47.798,47.813,,
1982-09-01,47.975,47.946,,
1982-10-01,48.279,48.215,6802.497,7337.036575225992
1982-11-01,48.458,48.359,,
1982-12-01,48.612,48.432,,
1983-01-01,48.945,48.659,6892.144,7397.139919990263
1983-02-01,49.126,48.741,,
1983-03-01,49.188,48.804,,
1983-04-01,49.337,49.027,7048.982,7458.62559040705
1983-05-01,49.408,49.166,,
1983-06-01,49.639,49.349,,
1983-07-01,49.973,49.627,7189.896,7521.808113266447
1983-08-01,50.231,49.84,,
1983-09-01,50.434,50.014,,
1983-10-01,50.523,50.099,7339.893,7587.435087331006
1983-11-01,50.641,50.17,,
1983-12-01,50.679,50.198,,
1984-01-01,50.848,50.416,7483.371,7655.4853762806015
1984-02-01,51.168,50.755,,
1984-03-01,51.362,50.922,,
1984-04-01,51.604,51.115,7612.668,7725.923424010811
1984-05-01,51.724,51.18,,
1984-06-01,51.845,51.271,,
1984-07-01,52.069,51.455,7686.059,7798.036307143819
1984-08-01,52.241,51.613,,
1984-09-01,52.321,51.683,,
1984-10-01,52.438,51.805,7749.151,7871.423318999562
1984-11-01,52.549,51.877,,
1984-12-01,52.757,52.023,,
1985-01-01,53.053,52.283,7824.247,7945.223888667373
1985-02-01,53.328,52.527,,
1985-03-01,53.515,52.732,,
1985-04-01,53.579,52.808,7893.136,8019.532010722646
1985-05-01,53.764,52.934,,
1985-06-01,53.941,53.078,,
1985-07-01,54.099,53.208,8013.674,8093.913103603806
1985-08-01,54.364,53.384,,
1985-09-01,54.477,53.474,,
1985-10-01,54.564,53.563,8073.239,8167.85793088431
1985-11-01,54.698,53.719,,
1985-12-01,54.847,53.9,,
1986-01-01,55.143,54.148,8148.603,8241.316893044115
1986-02-01,55.286,54.148,,
1986-03-01,55.454,54.029,,
1986-04-01,55.554,53.918,8185.303,8314.448914131843
1986-05-01,55.649,54.017,,
1986-06-01,55.816,54.218,,
1986-07-01,55.917,54.231,8263.639,8387.524963410962
1986-08-01,56.032,54.3,,
1986-09-01,56.216,54.477,,
1986-10-01,56.407,54.575,8308.021,8460.444322777694
1986-11-01,56.526,54.673,,
1986-12-01,56.599,54.746,,
1987-01-01,56.733,55.002,8369.93,8532.945538552425
1987-02-01,56.847,55.195,,
1987-03-01,57.015,55.341,,
1987-04-01,57.257,55.547,8460.233,8604.90603330004
1987-05-01,57.417,55.688,,
1987-06-01,57.575,55.899,,
1987-07-01,57.724,56.028,8533.635,8676.496044323747
1987-08-01,57.918,56.25,,
1987-09-01,58.148,56.439,,
1987-10-01,58.396,56.618,8680.162,8748.099694401235
1987-11-01,58.519,56.726,,
1987-12-01,58.642,56.831,,
1988-01-01,58.919,57.051,8725.006,8819.106865402986
1988-02-01,59.04,57.135,,
1988-03-01,59.292,57.332,,
1988-04-01,59.581,57.611,8839.641,8890.163267765187
1988-05-01,59.784,57.778,,
1988-06-01,60.036,58.024,,
1988-07-01,60.281,58.306,8891.435,8960.855050454986
1988-08-01,60.43,58.479,,
1988-09-01,60.755,58.764,,
1988-10-01,60.986,58.956,9009.913,9031.627069437804
1988-11-01,61.153,59.092,,
1988-12-01,61.356,59.277,,
1989-01-01,61.666,59.581,9101.508,9102.053678837648
1989-02-01,61.823,59.779,,
1989-03-01,62.008,60.002,,
1989-04-01,62.215,60.402,9170.977,9172.37757837736
1989-05-01,62.401,60.622,,
1989-06-01,62.567,60.755,,
1989-07-01,62.728,60.9,9238.923,9242.446687403404
1989-08-01,62.816,60.907,,
1989-09-01,63.034,61.043,,
1989-10-01,63.262,61.281,9257.128,9311.574564049688
1989-11-01,63.43,61.415,,
1989-12-01,63.611,61.593,,
1990-01-01,63.856,62.06,9358.289,9378.969549045814
1990-02-01,64.166,62.333,,
1990-03-01,64.474,62.568,,
1990-04-01,64.666,62.699,9392.251,9444.94671414353
1990-05-01,64.864,62.84,,
1990-06-01,65.116,63.118,,
1990-07-01,65.28,63.274,9398.499,9508.796541563328
1990-08-01,65.552,63.695,,
1990-09-01,65.781,64.086,,
1990-10-01,66.004,64.453,9312.937,9570.562534172259
1990-11-01,66.083,64.534,,
1990-12-01,66.176,64.595,,
1991-01-01,66.506,64.84,9269.367,9630.761591784774
1991-02-01,66.689,64.873,,
1991-03-01,66.828,64.887,,
1991-04-01,66.961,65.004,9341.642,9689.333340457988
1991-05-01,67.229,65.274,,
1991-06-01,67.374,65.384,,
1991-07-01,67.579,65.487,9388.845,9746.971292976172
1991-08-01,67.765,65.639,,
1991-09-01,68.036,65.865,,
1991-10-01,68.186,65.989,9421.565,9804.557723106316
1991-11-01,68.313,66.133,,
1991-12-01,68.482,66.299,,
1992-01-01,68.667,66.389,9534.346,9862.360004608336
1992-02-01,68.854,66.557,,
1992-03-01,69.026,66.718,,
1992-04-01,69.252,66.899,9637.732,9921.054354304013
1992-05-01,69.35,66.987,,
1992-06-01,69.404,67.107,,
1992-07-01,69.666,67.328,9732.979,9981.222768450638
1992-08-01,69.73,67.418,,
1992-09-01,69.843,67.528,,
1992-10-01,70.112,67.767,9834.51,10042.225395793568
1992-11-01,70.265,67.9,,
1992-12-01,70.395,68.018,,
1993-01-01,70.6,68.184,9850.973,10104.28549115222
1993-02-01,70.735,68.287,,
1993-03-01,70.889,68.427,,
1993-04-01,71.095,68.609,9908.347,10167.904553345943
1993-05-01,71.336,68.821,,
1993-06-01,71.404,68.845,,
1993-07-01,71.552,68.954,9955.641,10232.323591325743
1993-08-01,71.686,69.072,,
1993-09-01,71.793,69.144,,
1993-10-01,71.912,69.362,10091.049,10297.687099464201
1993-11-01,72.097,69.493,,
1993-12-01,72.129,69.509,,
1994-01-01,72.186,69.532,10188.954,10363.663172299095
1994-02-01,72.342,69.693,,
1994-03-01,72.589,69.885,,
1994-04-01,72.698,69.968,10327.019,10430.077662567246
1994-05-01,72.86,70.069,,
1994-06-01,73.021,70.241,,
1994-07-01,73.175,70.462,10387.382,10497.708571456433
1994-08-01,73.257,70.623,,
1994-09-01,73.368,70.702,,
1994-10-01,73.54,70.822,10506.372,10566.161626290426
1994-11-01,73.675,70.957,,
1994-12-01,73.7,71.003,,
1995-01-01,73.883,71.146,10543.644,10635.057048150758
1995-02-01,74.004,71.272,,
1995-03-01,74.186,71.404,,
1995-04-01,74.358,71.592,10575.1,10704.927323519338
1995-05-01,74.485,71.702,,
1995-06-01,74.549,71.772,,
1995-07-01,74.667,71.862,10665.06,10775.431156951641
1995-08-01,74.846,72.017,,
1995-09-01,74.945,72.066,,
1995-10-01,75.127,72.253,10737.478,10847.580734184843
1995-11-01,75.175,72.251,,
1995-12-01,75.281,72.39,,
1996-01-01,75.366,72.551,10817.896,10921.013273989895
1996-02-01,75.464,72.665,,
1996-03-01,75.639,72.884,,
1996-04-01,75.741,73.103,10998.322,10999.742671032805
1996-05-01,75.873,73.229,,
1996-06-01,75.931,73.228,,
1996-07-01,76.074,73.383,11096.976,11084.863544327742
1996-08-01,76.14,73.453,,
1996-09-01,76.37,73.66,,
1996-10-01,76.552,73.883,11212.205,11175.983335479168
1996-11-01,76.652,74.015,,
1996-12-01,76.682,74.1,,
1997-01-01,76.763,74.196,11284.587,11272.953156506377
1997-02-01,76.921,74.352,,
1997-03-01,77.105,74.43,,
1997-04-01,77.255,74.503,11472.137,11375.01808480777
1997-05-01,77.312,74.469,,
1997-06-01,77.426,74.565,,
1997-07-01,77.478,74.609,11615.636,11482.488311745867
1997-08-01,77.448,74.669,,
1997-09-01,77.608,74.849,,
1997-10-01,77.726,74.946,11715.393,11594.153401285914
1997-11-01,77.75,74.95,,
1997-12-01,77.794,74.934,,
1998-01-01,77.914,74.971,11832.486,11709.606771975616
1998-02-01,77.98,74.932,,
1998-03-01,78.063,74.944,,
1998-04-01,78.207,75.037,11942.032,11828.738996838836
1998-05-01,78.283,75.14,,
1998-06-01,78.184,75.076,,
1998-07-01,78.405,75.262,12091.614,11950.246572517166
1998-08-01,78.558,75.366,,
1998-09-01,78.545,75.322,,
1998-10-01,78.698,75.487,12287.0,12073.956160846472
1998-11-01,78.711,75.491,,
1998-12-01,78.847,75.567,,
1999-01-01,78.998,75.705,12403.293,12200.417787991111
1999-02-01,78.999,75.687,,
1999-03-01,79.026,75.746,,
1999-04-01,79.21,76.096,12498.694,12328.416606045515
1999-05-01,79.272,76.134,,
1999-06-01,79.306,76.15,,
1999-07-01,79.446,76.352,12662.385,12458.534454504119
1999-08-01,79.48,76.486,,
1999-09-01,79.683,76.754,,
1999-10-01,79.809,76.876,12877.593,12590.942405983225
1999-11-01,79.884,76.943,,
1999-12-01,79.992,77.128,,
2000-01-01,80.196,77.348,12924.179,12724.993897533106
2000-02-01,80.321,77.597,,
2000-03-01,80.483,77.928,,
2000-04-01,80.522,77.851,13160.842,12856.993312235847
2000-05-01,80.597,77.906,,
2000-06-01,80.647,78.161,,
2000-07-01,80.823,78.349,13178.419,12985.123975009627
2000-08-01,80.921,78.34,,
2000-09-01,81.116,78.676,,
2000-10-01,81.234,78.787,13260.506,13108.302998106734
2000-11-01,81.367,78.888,,
2000-12-01,81.425,78.991,,
2001-01-01,81.698,79.348,13222.69,13226.969011764762
2001-02-01,81.827,79.458,,
2001-03-01,81.909,79.462,,
2001-04-01,82.044,79.605,13299.984,13340.260831824986
2001-05-01,82.067,79.818,,
2001-06-01,82.253,79.962,,
2001-07-01,82.465,79.935,13244.784,13448.362685475997
2001-08-01,82.511,79.929,,
2001-09-01,82.049,79.663,,
2001-10-01,82.637,79.952,13280.859,13551.332468507295
2001-11-01,82.81,79.903,,
2001-12-01,82.829,79.819,,
2002-01-01,82.862,79.879,13397.002,13649.813230433736
2002-02-01,83.017,80.011,,
2002-03-01,83.12,80.233,,
2002-04-01,83.366,80.58,13478.152,13745.245464599311
2002-05-01,83.465,80.637,,
2002-06-01,83.594,80.735,,
2002-07-01,83.745,80.897,13538.072,13838.732673410283
2002-08-01,83.9,81.048,,
2002-09-01,84.033,81.191,,
2002-10-01,84.109,81.342,13559.032,13931.16616580052
2002-11-01,84.191,81.423,,
2002-12-01,84.26,81.494,,
2003-01-01,84.293,81.716,13634.253,14023.221775348798
2003-02-01,84.383,82.039,,
2003-03-01,84.492,82.227,,
2003-04-01,84.558,82.063,13751.543,14116.165961180215
2003-05-01,84.66,81.953,,
2003-06-01,84.695,82.03,,
2003-07-01,84.897,82.263,13985.073,14209.648892903555
2003-08-01,84.979,82.529,,
2003-09-01,85.08,82.773,,
2003-10-01,85.218,82.767,14145.645,14304.477445019074
2003-11-01,85.332,82.87,,
2003-12-01,85.452,83.064,,
2004-01-01,85.702,83.412,14221.147,14401.404820329954
2004-02-01,85.862,83.608,,
2004-03-01,86.016,83.746,,
2004-04-01,86.238,83.898,14329.523,14500.313675278645
2004-05-01,86.356,84.172,,
2004-06-01,86.496,84.415,,
2004-07-01,86.605,84.499,14464.984,14601.547560219411
2004-08-01,86.642,84.546,,
2004-09-01,86.806,84.714,,
2004-10-01,86.994,85.077,14609.876,14704.341849976463
2004-11-01,87.179,85.403,,
2004-12-01,87.287,85.446,,
2005-01-01,87.6,85.556,14771.602,14805.128768541526
2005-02-01,87.74,85.791,,
2005-03-01,87.945,86.038,,
2005-04-01,88.032,86.266,14839.782,14902.761338533224
2005-05-01,88.204,86.308,,
2005-06-01,88.259,86.357,,
2005-07-01,88.387,86.722,14972.054,14998.254879213571
2005-08-01,88.455,87.069,,
2005-09-01,88.644,87.905,,
2005-10-01,88.89,88.038,15066.597,15091.012117963919
2005-11-01,89.113,87.85,,
2005-12-01,89.207,87.851,,
2006-01-01,89.41,88.279,15267.026,15180.824976377324
2006-02-01,89.544,88.323,,
2006-03-01,89.766,88.473,,
2006-04-01,90.0,88.85,15302.705,15267.937985637769
2006-05-01,90.205,89.07,,
2006-06-01,90.427,89.285,,
2006-07-01,90.527,89.601,15326.368,15350.511390627595
2006-08-01,90.713,89.885,,
2006-09-01,90.852,89.646,,
2006-10-01,91.011,89.428,15456.928,15428.12187426343
2006-11-01,91.058,89.461,,
2006-12-01,91.19,89.789,,
2007-01-01,91.584,90.109,15493.328,15502.844117193945
2007-02-01,91.787,90.394,,
2007-03-01,91.868,90.715,,
2007-04-01,91.973,90.906,15582.085,15577.756159566658
2007-05-01,92.069,91.16,,
2007-06-01,92.219,91.352,,
2007-07-01,92.368,91.499,15666.738,15652.890280641283
2007-08-01,92.503,91.558,,
2007-09-01,92.742,91.901,,
2007-10-01,92.963,92.162,15761.967,15727.034264922637
2007-11-01,93.134,92.642,,
2007-12-01,93.319,92.855,,
2008-01-01,93.519,93.102,15671.383,15799.786250189434
2008-02-01,93.621,93.298,,
2008-03-01,93.829,93.587,,
2008-04-01,93.912,93.785,15752.308,15869.51776038941
2008-05-01,94.103,94.206,,
2008-06-01,94.299,94.876,,
2008-07-01,94.43,95.285,15667.032,15934.982685710782
2008-08-01,94.543,95.204,,
2008-09-01,94.668,95.307,,
2008-10-01,94.593,94.727,15328.027,15995.8355279234
2008-11-01,94.6,93.643,,
2008-12-01,94.58,93.139,,
2009-01-01,94.578,93.173,15155.94,16050.853308878934
2009-02-01,94.679,93.363,,
2009-03-01,94.776,93.284,,
2009-04-01,95.003,93.432,15134.117,16101.755526176845
2009-05-01,95.097,93.546,,
2009-06-01,95.214,94.1,,
2009-07-01,95.291,94.106,15189.222,16149.394810081858
2009-08-01,95.43,94.378,,
2009-09-01,95.605,94.536,,
2009-10-01,95.961,94.899,15356.058,16195.569799614077
2009-11-01,96.043,95.135,,
2009-12-01,96.108,95.175,,
2010-01-01,96.228,95.366,15415.145,16241.894084484202
2010-02-01,96.298,95.351,,
2010-03-01,96.422,95.468,,
2010-04-01,96.456,95.507,15557.277,16289.80128499568
2010-05-01,96.552,95.527,,
2010-06-01,96.584,95.474,,
2010-07-01,96.585,95.556,15671.967,16340.06518372498
2010-08-01,96.674,95.684,,
2010-09-01,96.722,95.773,,
2010-10-01,96.843,96.057,15750.625,16392.416142593407
2010-11-01,96.955,96.238,,
2010-12-01,96.975,96.456,,
2011-01-01,97.214,96.774,15712.754,16447.07489202454
2011-02-01,97.396,97.054,,
2011-03-01,97.543,97.446,,
2011-04-01,97.761,97.854,15825.096,16503.935482813944
2011-05-01,97.994,98.153,,
2011-06-01,98.106,98.136,,
2011-07-01,98.265,98.316,15820.7,16563.033536792773
2011-08-01,98.47,98.555,,
2011-09-01,98.543,98.699,,
2011-10-01,98.596,98.705,16004.107,16623.74732212254
2011-11-01,98.805,98.908,,
2011-12-01,98.971,98.965,,
2012-01-01,99.284,99.32,16129.418,16686.037415326235
2012-02-01,99.439,99.556,,
2012-03-01,99.597,99.737,,
2012-04-01,99.753,99.873,16198.807,16750.28202084454
2012-05-01,99.849,99.755,,
2012-06-01,99.948,99.701,,
2012-07-01,100.052,99.738,16220.667,16816.112363397115
2012-08-01,100.111,100.07,,
2012-09-01,100.238,100.378,,
2012-10-01,100.476,100.672,16239.138,16883.240265558168
2012-11-01,100.586,100.605,,
2012-12-01,100.667,100.595,,
2013-01-01,100.865,100.782,16382.964,16951.532072707567
2013-02-01,100.984,101.149,,
2013-03-01,101.076,101.015,,
2013-04-01,101.16,100.94,16403.18,17021.285852398334
2013-05-01,101.268,101.006,,
2013-06-01,101.437,101.226,,
2013-07-01,101.565,101.351,16531.685,17091.75992705777
2013-08-01,101.678,101.503,,
2013-09-01,101.795,101.545,,
2013-10-01,102.004,101.711,16663.649,17163.445693231017
2013-11-01,102.176,101.865,,
2013-12-01,102.311,102.065,,
2014-01-01,102.399,102.254,16616.54,17236.138039511738
2014-02-01,102.454,102.308,,
2014-03-01,102.646,102.509,,
2014-04-01,102.829,102.698,16841.475,17309.742618640394
2014-05-01,103.0,102.866,,
2014-06-01,103.113,102.976,,
2014-07-01,103.298,103.128,17047.098,17384.61267531703
2014-08-01,103.332,103.11,,
2014-09-01,103.456,103.132,,
2014-10-01,103.546,103.103,17143.038,17460.181332050925
2014-11-01,103.653,103.021,,
2014-12-01,103.737,102.852,,
2015-01-01,103.712,102.374,17305.752,17535.755315110757
2015-02-01,103.815,102.542,,
2015-03-01,103.975,102.739,,
2015-04-01,104.155,102.822,17422.845,17611.745032699575
2015-05-01,104.289,103.072,,
2015-06-01,104.419,103.276,,
2015-07-01,104.517,103.366,17486.021,17687.018166217018
2015-08-01,104.601,103.373,,
2015-09-01,104.743,103.229,,
2015-10-01,104.767,103.221,17514.062,17761.45
2015-11-01,104.887,103.292,,
2015-12-01,104.964,103.216,,
2016-01-01,105.187,103.313,17613.264,17836.03
2016-02-01,105.355,103.247,,
2016-03-01,105.487,103.415,,
2016-04-01,105.742,103.763,17668.203,17908.6
2016-05-01,105.902,103.93,,
2016-06-01,106.032,104.139,,
2016-07-01,106.218,104.202,17764.388,17980.67
2016-08-01,106.425,104.38,,
2016-09-01,106.527,104.516,,
2016-10-01,106.694,104.744,17876.179,18052.42
2016-11-01,106.759,104.792,,
2016-12-01,106.897,105.005,,
2017-01-01,107.172,105.392,17977.299,18123.94
2017-02-01,107.332,105.499,,
2017-03-01,107.25,105.373,,
2017-04-01,107.491,105.617,18054.052,18196.87
2017-05-01,107.601,105.607,,
2017-06-01,107.765,105.739,,
2017-07-01,107.841,105.784,18185.636,18272.58
2017-08-01,107.971,106.04,,
2017-09-01,108.157,106.429,,
2017-10-01,108.458,106.596,18359.432,18350.47
2017-11-01,108.532,106.788,,
2017-12-01,108.693,106.943,,
2018-01-01,108.991,107.29,18530.483,18430.68
2018-02-01,109.202,107.528,,
2018-03-01,109.442,107.637,,
2018-04-01,109.639,107.865,18654.383,18513.39
2018-05-01,109.869,108.104,,
2018-06-01,109.993,108.273,,
2018-07-01,110.136,108.379,18752.355,18598.25
2018-08-01,110.161,108.464,,
2018-09-01,110.401,108.661,,
2018-10-01,110.528,108.816,18813.923,18683.95
2018-11-01,110.746,108.893,,
2018-12-01,110.954,108.958,,
2019-01-01,111.002,108.872,18950.347,18770.15
2019-02-01,111.045,109.003,,
2019-03-01,111.174,109.252,,
2019-04-01,111.493,109.609,19020.599,18856.69
2019-05-01,111.632,109.72,,
2019-06-01,111.874,109.849,,
2019-07-01,112.057,110.042,19141.744,18943.14
2019-08-01,112.216,110.115,,
2019-09-01,112.302,110.167,,
2019-10-01,112.448,110.377,19253.959,19029.64
2019-11-01,112.501,110.461,,
2019-12-01,112.753,110.75,,
2020-01-01,112.949,110.917,19010.848,19115.94
2020-02-01,113.121,111.014,,
2020-03-01,113.013,110.717,,
2020-04-01,112.526,110.131,17302.511,19203.79
2020-05-01,112.755,110.314,,
2020-06-01,113.145,110.859,,
2020-07-01,113.466,111.152,18596.521,19267.72
2020-08-01,113.818,111.482,,
2020-09-01,114.019,111.658,,
2020-10-01,114.038,111.688,,19330.79
2020-11-01,114.052,111.704,,
